favorite_count,in_reply_to_status_id,in_reply_to_user_id,place,retweet_count,retweeted,tweet_id
37023,,,,7899,False,892420643555336193
31860,,,,5870,False,892177421306343426
23996,,,,3874,False,891815181378084864
40356,,,,8065,False,891689557279858688
38562,,,,8735,False,891327558926688256
19383,,,,2904,False,891087950875897856
11302,,,,1922,False,890971913173991426
62462,,,,17634,False,890729181411237888
26668,,,,4003,False,890609185150312448
30538,,,,6870,False,890240255349198849
29401,,,,6846,False,890006608113172480
26680,,,,4661,False,889880896479866881
46009,,,,9370,False,889665388333682689
25927,,,,4212,False,889638837579907072
14478,,,,2110,False,889531135344209921
24133,,,,5002,False,889278841981685760
27869,,,,4202,False,888917238123831296
24484,,,,3978,False,888804989199671297
18957,,,,3277,False,888554962724278272
20834,,,,3245,False,888078434458587136
28928,,,,5027,False,887705289381826560
44356,,,,10970,False,887517139158093824
65952,,,,16861,False,887473957103951883
32257,,,,9773,False,887343217045368832
29283,,,,5567,False,887101392804085760
33567,,,,7173,False,886983233522544640
11508,,,,3027,False,886736880519319552
21473,,,,4165,False,886680336477933568
20253,,,,2980,False,886366144734445568
115,8.862663570751283e+17,2281181600.0,,4,False,886267009285017600
26772,,,,5896,False,886258384151887873
0,,,,101,False,886054160059072513
31220,,,,6311,False,885984800019947520
34441,,,,5981,False,885528943205470208
19596,,,,3485,False,885518971528720385
0,,,,17333,False,885311592912609280
20984,,,,4090,False,885167619883638784
74035,,,,16946,False,884925521741709313
26697,,,,5235,False,884876753390489601
23271,,,,4404,False,884562892145688576
25884,,,,5313,False,884441805382717440
69779,,,,19023,False,884247878851493888
19510,,,,2788,False,884162670584377345
20935,,,,3225,False,883838122936631299
43969,,,,9256,False,883482846933004288
21706,,,,3464,False,883360690899218434
35553,,,,6214,False,883117836046086144
22877,,,,3646,False,882992080364220416
27090,,,,4578,False,882762694511734784
26756,,,,5673,False,882627270321602560
42989,,,,10846,False,882268110199369728
28095,,,,4584,False,882045870035918850
23284,,,,3179,False,881906580714921986
48514,,,,9994,False,881666595344535552
121,8.816070373140521e+17,47384430.0,,7,False,881633300179243008
47341,,,,14937,False,881536004380872706
22206,,,,4905,False,881268444196462592
16314,,,,2611,False,880935762899988482
20396,,,,3579,False,880872448815771648
27308,,,,5835,False,880465832366813184
25863,,,,3926,False,880221127280381952
26481,,,,4056,False,880095782870896641
21415,,,,3272,False,879862464715927552
299,8.795538273341727e+17,3105440746.0,,10,False,879674319642796034
22471,,,,2979,False,879492040517615616
101467,,,,41598,False,879415818425184262
16123,,,,2929,False,879376492567855104
0,,,,6373,False,879130579576475649
21595,,,,4383,False,879050749262655488
18194,,,,2517,False,879008229531029506
18570,,,,3843,False,878776093423087618
28932,,,,6698,False,878604707211726852
0,,,,1207,False,878404777348136964
0,,,,6257,False,878316110768087041
7400,,,,1207,False,878281511006478336
40327,,,,6373,False,878057613040115712
76299,,,,17836,False,877736472329191424
0,,,,74,False,877611172832227328
21775,,,,3572,False,877556246731214848
26276,,,,4859,False,877316821321428993
26000,,,,5240,False,877201837425926144
19869,,,,3130,False,876838120628539392
22632,,,,4389,False,876537666061221889
18011,,,,2235,False,876484053909872640
26818,,,,4382,False,876120275196170240
24177,,,,4005,False,875747767867523072
21043,,,,4629,False,875144289856114688
26355,,,,5711,False,875097192612077568
24457,,,,4445,False,875021211251597312
26722,,,,4361,False,874680097055178752
0,,,,13733,False,874434818259525634
25016,,,,3878,False,874296783580663808
21821,,,,3733,False,874057562936811520
33123,,,,9715,False,874012996292530176
23271,,,,3708,False,873580283840344065
0,,,,1501,False,873337748698140672
6908,,,,1501,False,873213775632977920
26255,,,,5107,False,872967104147763200
14171,,,,3501,False,872820683541237760
19970,,,,3454,False,872620804844003328
39191,,,,8521,False,872486979161796608
33122,,,,7670,False,872122724285648897
36389,,,,10456,False,871879754684805121
19512,,,,3292,False,871762521631449091
19441,,,,3282,False,871515927908634625
0,,,,5418,False,871166179821445120
20194,,,,5227,False,871102520638267392
21903,,,,3619,False,871032628920680449
32472,,,,5878,False,870804317367881728
118,8.707262027424932e+17,16487760.0,,3,False,870726314365509632
11962,,,,2501,False,870656317836468226
80040,,,,25114,False,870374049280663552
21129,,,,3950,False,870308999962521604
35381,,,,7907,False,870063196459192321
41088,,,,9597,False,869772420881756160
27324,,,,6015,False,869702957897576449
15464,,,,2988,False,869596645499047938
19772,,,,3606,False,869227993411051520
63436,,,,13777,False,868880397819494401
0,,,,1985,False,868639477480148993
25891,,,,5061,False,868622495443632128
9792,,,,1985,False,868552278524837888
23473,,,,4000,False,867900495410671616
32961,,,,7028,False,867774946302451713
15643,,,,2377,False,867421006826221569
0,,,,116,False,867072653475098625
31318,,,,7540,False,867051520902168576
19488,,,,4605,False,866720684873056260
18738,,,,3326,False,866686824827068416
118922,,,,33824,False,866450705531457537
51038,,,,13733,False,866334964761202691
0,,,,8056,False,866094527597207552
24973,,,,5393,False,865718153858494464
25777,,,,4799,False,865359393868664832
27284,,,,7383,False,865006731092295680
31441,,,,8375,False,864873206498414592
14227,,,,2907,False,864279568663928832
29315,,,,8545,False,864197398364647424
20099,,,,3981,False,863907417377173506
14909,,,,4034,False,863553081350529029
0,,,,2345,False,863471782782697472
23261,,,,5061,False,863432100342583297
2180,8.634256455687741e+17,77596200.0,,92,False,863427515083354112
8573,6.671521640794235e+17,4196983835.0,,1066,False,863079547188785154
8285,,,,2345,False,863062471531167744
18741,,,,4972,False,862831371563274240
16697,,,,3418,False,862722525377298433
20015,,,,4779,False,862457590147678208
72796,,,,22440,False,862096992088072192
35337,,,,10370,False,861383897657036800
16838,,,,4014,False,861288531465048066
16361,,,,3701,False,861005113778896900
0,,,,2088,False,860981674716409858
0,,,,785,False,860924035999428608
7366,,,,2088,False,860563773140209665
23186,,,,5144,False,860524505164394496
17991,,,,3392,False,860276583193509888
16357,,,,5685,False,860184849394610176
0,,,,30101,False,860177593139703809
19207,,,,3985,False,859924526012018688
15134,,,,3413,False,859851578198683649
18259,,,,1524,False,859607811541651456
88427,,,,29372,False,859196978902773760
33302,,,,13280,False,859074603037188101
0,,,,7939,False,858860390427611136
15306,,,,3415,False,858843525470990336
21161,,,,4738,False,858471635011153920
15489,,,,2848,False,858107933456039936
15874,,,,2535,False,857989990357356544
33752,,,,10388,False,857746408056729600
5803,,,,1608,False,857393404942143489
19755,,,,4424,False,857263160327368704
223,8.571566780553421e+17,180670967.0,,17,False,857214891891077121
0,,,,168,False,857062103051644929
18661,,,,3927,False,857029823797047296
16098,,,,2830,False,856543823941562368
11725,8.55818117272019e+17,4196983835.0,,1847,False,856526610513747968
0,,,,655,False,856330835276025856
510,,,,15,False,856288084350160898
27472,,,,6188,False,856282028240666624
341,8.558615844633518e+17,194351775.0,,25,False,855862651834028034
4942,8.558585356070011e+17,13615722.0,,985,False,855860136149123072
11753,,,,2084,False,855857698524602368
45149,,,,17671,False,855851453814013952
26393,,,,5347,False,855818117272018944
29646,,,,8113,False,855459453768019968
0,,,,5893,False,855245323840757760
0,,,,44,False,855138241867124737
22672,,,,5995,False,854732716440526848
29123,,,,6822,False,854482394044301312
18786,,,,4649,False,854365224396361728
31851,,,,7433,False,854120357044912130
16137,,,,3129,False,854010172552949760
28511,,,,5711,False,853760880890318849
34692,,,,10036,False,853639147608842240
15472,,,,3534,False,853299958564483072
0,,,,1995,False,852936405516943360
9056,,,,1815,False,852912242202992640
14905,,,,2143,False,852672615818899456
16305,,,,3486,False,852553447878664193
33153,,,,9909,False,852311364735569921
20031,,,,6838,False,852226086759018497
11477,,,,1582,False,852189679701164033
0,,,,19,False,851861385021730816
16279,,,,3476,False,851591660324737024
24310,,,,7066,False,851464819735769094
20741,,,,5731,False,851224888060895234
31018,,,,9179,False,850753642995093505
13139,,,,2622,False,850380195714523136
3469,8.503288187788206e+17,21955058.0,,334,False,850333567704068097
16413,,,,3817,False,850145622816686080
20531,,,,4893,False,850019790995546112
30681,,,,7642,False,849776966551130114
0,,,,4972,False,849668094696017920
15971,,,,3168,False,849412302885593088
11489,,,,1914,False,849336543269576704
42669,,,,8532,False,849051919805034497
25379,,,,4351,False,848690551926992896
24959,,,,4632,False,848324959059550208
8268,8.482121117298401e+17,4196983835.0,,739,False,848213670039564288
16476,,,,3074,False,848212111729840128
0,,,,3287,False,847978865427394560
0,,,,433,False,847971574464610304
23732,,,,5138,False,847962785489326080
5504,,,,1341,False,847842811428974592
7062,8.476061755961385e+17,4196983835.0,,421,False,847617282490613760
18959,,,,3447,False,847606175596138505
20686,,,,4331,False,847251039262605312
20136,,,,5928,False,847157206088847362
21663,,,,3219,False,847116187444137987
20314,,,,3958,False,846874817362120707
45144,,,,11706,False,846514051647705089
14274,,,,3104,False,846505985330044928
32039,,,,9161,False,846153765933735936
31344,,,,10093,False,846139713627017216
16190,,,,2905,False,846042936437604353
29644,,,,8821,False,845812042753855489
25504,,,,4849,False,845677943972139009
7736,,,,1828,False,845397057150107648
23649,,,,5456,False,845306882940190720
0,,,,7764,False,845098359547420673
13819,7.590995235327795e+17,4196983835.0,,2594,False,844979544864018432
15312,,,,3248,False,844973813909606400
16718,,,,3175,False,844580511645339650
13832,,,,2234,False,844223788422217728
15374,,,,2989,False,843981021012017153
21781,,,,4695,False,843856843873095681
17148,,,,2788,False,843604394117681152
21869,,,,6112,False,843235543001513987
15477,,,,3692,False,842846295480000512
6865,,,,1303,False,842765311967449089
18395,,,,3564,False,842535590457499648
24871,,,,5893,False,842163532590374912
14229,,,,3086,False,842115215311396866
0,,,,15448,False,841833993020538882
26139,,,,7938,False,841680585030541313
12873,,,,3753,False,841439858740625411
20127,,,,5593,False,841320156043304961
16101,,,,4758,False,841314665196081154
23271,,,,5418,False,841077006473256960
0,,,,1795,False,840761248237133825
0,,,,16478,False,840728873075638272
178,8.406983002988626e+17,8.405478643549184e+17,,2,False,840698636975636481
12502,,,,996,False,840696689258311684
9152,,,,1795,False,840632337062862849
16773,,,,4644,False,840370681858686976
19645,,,,5849,False,840268004936019968
13682,,,,2337,False,839990271299457024
28018,,,,7939,False,839549326359670784
0,,,,146,False,839290600511926273
27733,,,,6672,False,839239871831150596
20018,,,,4077,False,838952994649550848
11384,,,,2105,False,838921590096166913
0,,,,35,False,838916489579200512
0,,,,11273,False,838831947270979586
11139,,,,1362,False,838561493054533637
23037,,,,4892,False,838476387338051585
0,,,,10305,False,838201503651401729
1710,8.381454986911949e+17,21955058.0,,340,False,838150277551247360
144,8.380855393624023e+17,2894131180.0,,1,False,838085839343206401
18000,,,,3219,False,838083903487373313
34898,,,,8056,False,837820167694528512
3920,,,,448,False,837482249356513284
13082,,,,2329,False,837471256429613056
16396,,,,2429,False,837110210464448512
13014,,,,2337,False,836989968035819520
19721,,,,4755,False,836753516572119041
12888,,,,2274,False,836677758902222849
0,,,,563,False,836648853927522308
0,,,,28261,False,836397794269200385
15088,,,,3057,False,836380477523124226
21783,,,,4404,False,836260088725786625
19530,,,,4369,False,836001077879255040
0,,,,8348,False,835685285446955009
18198,,,,3703,False,835574547218894849
0,,,,1742,False,835536468978302976
0,,,,21587,False,835309094223372289
16831,,,,3088,False,835297930240217089
7907,,,,1742,False,835264098648616962
2155,8.35245984028504e+17,26259576.0,,73,False,835246439529840640
26776,,,,5912,False,835172783151792128
22970,,,,3108,False,835152434251116546
11081,,,,1692,False,834931633769889797
21784,,,,5627,False,834786237630337024
14004,,,,2602,False,834574053763584002
0,,,,10967,False,834477809192075265
9852,,,,1728,False,834458053273591808
21112,,,,4894,False,834209720923721728
16180,,,,3755,False,834167344700198914
10293,,,,2187,False,834089966724603904
13392,,,,2268,False,834086379323871233
13724,,,,2464,False,833863086058651648
18467,,,,3869,False,833826103416520705
0,,,,221,False,833732339549220864
21273,,,,3311,False,833722901757046785
15219,,,,2109,False,833479644947025920
20688,,,,4972,False,833124694597443584
13630,,,,2273,False,832998151111966721
0,,,,39,False,832769181346996225
17273,,,,3723,False,832757312314028032
12181,,,,3017,False,832682457690300417
3006,,,,540,False,832645525019123713
16259,,,,2869,False,832636094638288896
12251,,,,2280,False,832397543355072512
17620,,,,3287,False,832369877331693569
11618,,,,2406,False,832273440279240704
0,,,,6406,False,832215909146226688
0,,,,9653,False,832215726631055365
65,8.320875475599974e+17,30582082.0,,2,False,832088576586297345
0,,,,9940,False,832040443403784192
18337,,,,4805,False,832032802820481025
24621,,,,6328,False,831939777352105988
350,8.319030442248356e+17,20683724.0,,34,False,831926988323639298
28393,,,,6713,False,831911600680497154
10723,,,,1871,False,831670449226514432
7367,,,,1995,False,831650051525054464
9226,,,,2374,False,831552930092285952
9490,,,,1592,False,831322785565769729
6710,,,,1155,False,831315979191906304
12060,,,,2532,False,831309418084069378
12231,,,,2110,False,831262627380748289
8187,,,,1540,False,830956169170665475
68718,,,,17333,False,830583320585068544
0,,,,5895,False,830173239259324417
10111,,,,3062,False,830097400375152640
0,,,,5197,False,829878982036299777
12573,,,,2019,False,829861396166877184
32639,,,,10967,False,829501995190984704
10764,,,,2095,False,829449946868879360
25138,,,,7622,False,829141528400556032
54581,,,,16842,False,829011960981237760
0,,,,3523,False,828801551087042563
26298,,,,6071,False,828770345708580865
37636,,,,11611,False,828708714936930305
9789,,,,1404,False,828650029636317184
6515,,,,1199,False,828409743546925057
7906,,,,1336,False,828408677031882754
12989,,,,2294,False,828381636999917570
7607,,,,1110,False,828376505180889089
12929,,,,3050,False,828372645993398273
2267,,,,176,False,828361771580813312
12111,,,,2955,False,828046555563323392
10650,,,,2222,False,828011680017821696
20711,,,,5421,False,827933404142436356
15924,,,,3106,False,827653905312006145
7639,,,,975,False,827600520311402496
16314,,,,3162,False,827324948884643840
10886,,,,2314,False,827199976799354881
22206,,,,5197,False,826958653328592898
37500,,,,10555,False,826848821049180160
0,,,,4117,False,826615380357632002
5271,8.265983652700078e+17,4196983835.0,,264,False,826598799820865537
10358,,,,2432,False,826598365270007810
18985,,,,4364,False,826476773533745153
13691,,,,2701,False,826240494070030336
5027,,,,964,False,826204788643753985
16124,,,,3245,False,826115272272650244
10765,,,,1945,False,825876512159186944
13128,,,,2578,False,825829644528148480
53848,,,,17931,False,825535076884762624
18885,,,,4715,False,825147591692263424
0,,,,1321,False,825120256414846976
6539,,,,1321,False,825026590719483904
0,,,,5699,False,824796380199809024
15407,,,,3655,False,824775126675836928
10413,,,,1805,False,824663926340194305
12199,,,,10881,False,824325613288833024
15572,,,,4015,False,824297048279236611
4960,,,,615,False,824025158776213504
10976,,,,2811,False,823939628516474880
0,,,,11648,False,823719002937630720
14403,,,,2613,False,823699002998870016
13447,,,,2733,False,823581115634085888
719,8.233263893362442e+17,1582853809.0,,26,False,823333489516937216
16250,,,,4184,False,823322678127919110
0,,,,10290,False,823269594223824897
17859,,,,3579,False,822975315408461824
136404,,,,45099,False,822872901745569793
13707,,,,2386,False,822859134160621569
0,,,,6665,False,822647212903690241
15284,,,,3065,False,822610361945911296
18775,,,,6665,False,822489057087389700
29182,,,,15015,False,822462944365645825
36200,,,,10290,False,822244816520155136
0,,,,4994,False,822163064745328640
11724,,,,2417,False,821886076407029760
0,,,,3485,False,821813639212650496
8707,,,,1717,False,821765923262631936
8298,,,,1842,False,821522889702862852
0,,,,5828,False,821421320206483457
12194,,,,4516,False,821407182352777218
264,8.21152592717697e+17,113211856.0,,10,False,821153421864615936
8984,,,,2086,False,821149554670182400
9921,,,,2220,False,821107785811234820
13088,,,,2373,False,821044531881721856
0,,,,7021,False,820837357901512704
32647,,,,10305,False,820749716845686786
12630,,,,3370,False,820690176645140481
0,,,,590,False,820494788566847489
0,,,,2685,False,820446719150292993
3459,,,,590,False,820314633777061888
20518,,,,6533,False,820078625395449857
0,,,,1236,False,820013781606658049
5520,,,,1236,False,819952236453363712
13345,,,,5065,False,819924195358416896
13921,,,,3247,False,819711362133872643
9957,,,,2061,False,819588359383371776
7478,,,,1255,False,819347104292290561
2366,,,,422,False,819238181065359361
23921,,,,7021,False,819227688460238848
0,,,,38392,False,819015337530290176
0,,,,19739,False,819015331746349057
46877,,,,19739,False,819006400881917954
90047,,,,38392,False,819004803107983360
0,,,,21872,False,818646164899774465
23200,,,,7858,False,818627210458333184
10208,,,,2683,False,818614493328580609
0,,,,6405,False,818588835076603904
11322,,,,2582,False,818536468981415936
0,,,,8474,False,818307523543449600
11431,,,,2381,False,818259473185828864
12732,,,,2690,False,818145370475810820
5036,,,,835,False,817908911860748288
53676,,,,28261,False,817827839487737858
11129,,,,2817,False,817777686764523521
12226,,,,3119,False,817536400337801217
0,,,,3533,False,817502432452313088
35265,,,,15448,False,817423860136083457
5817,,,,1003,False,817415592588222464
0,,,,8845,False,817181837579653120
9079,,,,2111,False,817171292965273600
12667,,,,2719,False,817120970343411712
8908,,,,1717,False,817056546584727552
0,,,,4916,False,816829038950027264
10400,,,,2136,False,816816676327063552
10166,,,,2293,False,816697700272001025
31702,,,,8474,False,816450570814898180
8933,,,,2036,False,816336735214911488
9275,,,,2243,False,816091915477250048
0,,,,1076,False,816062466425819140
0,,,,5518,False,816014286006976512
5163,,,,1076,False,815990720817401858
23279,,,,8845,False,815966073409433600
0,,,,4331,False,815745968457060357
10223,,,,2372,False,815736392542261248
8539,,,,1722,False,815639385530101762
10770,,,,3983,False,815390420867969024
7956,,,,1339,False,814986499976527872
11716,,,,2830,False,814638523311648768
0,,,,6105,False,814578408554463233
8991,,,,1941,False,814530161257443328
29933,,,,9078,False,814153002265309185
0,,,,3333,False,813944609378369540
9674,,,,1955,False,813910438903693312
37863,,,,14634,False,813812741911748608
8669,,,,1844,False,813800681631023104
19429,,,,7647,False,813217897535406080
9584,,,,1885,False,813202720496779264
20652,,,,4575,False,813187593374461952
9677,,,,2012,False,813172488309972993
8080,,,,2319,False,813157409116065792
8802,,,,2482,False,813142292504645637
4652,8.13127251579564e+17,4196983835.0,,470,False,813130366689148928
12336,,,,3270,False,813127251579564032
10733,,,,2883,False,813112105746448384
10959,,,,3786,False,813096984823349248
10281,,,,2898,False,813081950185472002
8299,,,,2043,False,813066809284972545
21805,,,,7706,False,813051746834595840
7892,,,,2002,False,812781120811126785
6895,,,,1496,False,812709060537683968
6315,,,,1287,False,812503143955202048
8292,,,,2020,False,812466873996607488
14250,,,,3844,False,812372279581671427
7561,,,,1470,False,811985624773361665
7850,,,,1676,False,811744202451197953
5834,8.116272330434806e+17,4196983835.0,,780,False,811647686436880384
13306,,,,3245,False,811627233043480576
21773,,,,6691,False,811386762094317568
5564,,,,1513,False,810984652412424192
9406,,,,1857,False,810896069567610880
11446,,,,2782,False,810657578271330305
36778,,,,11900,False,810284430598270976
15303,,,,3523,False,810254108431155201
16137,,,,4117,False,809920764300447744
0,,,,5138,False,809808892968534016
7237,,,,1535,False,809448704142938112
20759,,,,5895,False,809220051211603969
13786,,,,3703,False,809084759137812480
10537,,,,3198,False,808838249661788160
8257,,,,2276,False,808733504066486276
11767,,,,2735,False,808501579447930884
44372,,,,21872,False,808344865868283904
0,,,,6232,False,808134635716833280
9145,,,,2319,False,808106460588765185
13094,,,,3709,False,808001312164028416
15199,,,,3831,False,807621403335917568
123592,,,,58302,False,807106840509214720
0,,,,7700,False,807059379405148160
13619,,,,4045,False,807010152071229440
78082,,,,36435,False,806629075125202948
0,,,,5808,False,806620845233815552
5084,,,,2041,False,806576416489959424
10659,,,,2477,False,806542213899489280
0,,,,12225,False,806242860592926720
6714,,,,1247,False,806219024703037440
0,,,,5638,False,805958939288408065
8632,,,,2012,False,805932879469572096
6852,,,,1922,False,805826884734976000
0,,,,8441,False,805823200554876929
5995,,,,1729,False,805520635690676224
9162,,,,2659,False,805487436403003392
8141,,,,1799,False,805207613751304193
14296,,,,4031,False,804738756058218496
6395,,,,2113,False,804475857670639616
0,,,,3381,False,804413760345620481
46515,,,,16965,False,804026241225523202
10486,,,,2895,False,803773340896923648
0,,,,7806,False,803692223237865472
11428,,,,4330,False,803638050916102144
8104,,,,1951,False,803380650405482500
0,,,,5581,False,803321560782307329
10477,,,,2586,False,803276597545603072
9410,,,,2105,False,802952499103731712
0,,,,3059,False,802624713319034886
7414,,,,1544,False,802600418706604034
9338,,,,2632,False,802572683846291456
16910,,,,6127,False,802323869084381190
7040,7.33109485275861e+17,4196983835.0,,1432,False,802265048156610565
9468,,,,2739,False,802239329049477120
0,,,,280,False,802185808107208704
8061,,,,1790,False,801958328846974976
1848,8.018543306724475e+17,11856342.0,,249,False,801854953262350336
8558,,,,2169,False,801538201127157760
6316,,,,863,False,801285448605831168
25571,,,,6232,False,801167903437357056
0,,,,4147,False,801127390143516673
8430,,,,2206,False,801115127852503040
719,8.008579544172626e+17,291859009.0,,100,False,800859414831898624
0,,,,1695,False,800855607700029440
10998,,,,2926,False,800751577355128832
13707,,,,3153,False,800513324630806528
9910,,,,2271,False,800459316964663297
0,,,,4538,False,800443802682937345
11644,,,,2945,False,800388270626521089
0,,,,4158,False,800188575492947969
15986,,,,2685,False,800141422401830912
29659,,,,13834,False,800018252395122689
0,,,,4924,False,799774291445383169
8770,,,,2268,False,799757965289017345
8408,,,,2023,False,799422933579902976
0,,,,5758,False,799308762079035393
10323,,,,2899,False,799297110730567681
8443,,,,2592,False,799063482566066176
13698,,,,4715,False,798933969379225600
7792,,,,1504,False,798925684722855936
0,,,,6959,False,798705661114773508
0,,,,8185,False,798701998996647937
0,,,,6830,False,798697898615730177
0,,,,5220,False,798694562394996736
0,,,,2446,False,798686750113755136
0,,,,4951,False,798682547630837760
0,,,,5828,False,798673117451325440
0,,,,4097,False,798665375516884993
0,,,,1950,False,798644042770751489
0,,,,2069,False,798628517273620480
0,,,,5994,False,798585098161549313
0,,,,6126,False,798576900688019456
0,,,,3532,False,798340744599797760
10862,,,,2689,False,798209839306514432
12133,,,,3277,False,797971864723324932
15162,,,,5107,False,797545162159308800
20849,,,,6956,False,797236660651966464
234,7.97123751162839e+17,29166305.0,,28,False,797165961484890113
0,,,,9364,False,796904159865868288
8028,,,,2011,False,796865951799083009
12383,,,,3214,False,796759840936919040
0,,,,7661,False,796563435802726400
7918,,,,1852,False,796484825502875648
11487,,,,4362,False,796387464403357696
0,,,,15029,False,796177847564038144
33742,,,,15029,False,796149749086875649
5175,,,,1890,False,796125600683540480
9527,,,,2537,False,796116448414461957
8837,,,,2433,False,796080075804475393
11291,,,,3893,False,796031486298386433
51914,,,,24917,False,795464331001561088
10535,,,,3035,False,795400264262053889
16942,,,,5699,False,795076730285391872
0,,,,3538,False,794983741416415232
10733,,,,2424,False,794926597468000259
0,,,,10830,False,794355576146903043
9998,,,,2795,False,794332329137291264
9618,,,,3489,False,794205286408003585
17562,,,,5138,False,793962221541933056
9633,,,,1967,False,793845145112371200
0,,,,3281,False,793614319594401792
8332,,,,1702,False,793601777308463104
11160,,,,2497,False,793500921481273345
25694,,,,9653,False,793286476301799424
9074,,,,2509,False,793271401113350145
20875,,,,8768,False,793256262322548741
10987,,,,3447,False,793241302385262592
10280,,,,3019,False,793226087023144960
9323,,,,2938,False,793210959003287553
15957,,,,5911,False,793195938047070209
7250,,,,2104,False,793180763617361921
9840,,,,2924,False,793165685325201412
6460,,,,1789,False,793150605191548928
6750,,,,2609,False,793135492858580992
13251,,,,4109,False,793120401413079041
14980,,,,4179,False,792913359805018113
11805,,,,4483,False,792883833364439040
7679,,,,1766,False,792773781206999040
14026,,,,4507,False,792394556390137856
7494,,,,1895,False,792050063153438720
0,,,,22124,False,791821351946420224
0,,,,10088,False,791784077045166082
0,,,,3997,False,791780927877898241
47089,,,,23314,False,791774931465953280
12264,,,,3281,False,791672322847637504
13698,,,,4331,False,791406955684368384
9168,,,,2658,False,791312159183634433
0,,,,4303,False,791026214425268224
10299,,,,2237,False,790987426131050500
17390,,,,4916,False,790946055508652032
0,,,,2431,False,790723298204217344
8566,,,,2016,False,790698755171364864
21566,,,,7540,False,790581949425475584
8158,,,,1968,False,790337589677002753
13108,,,,3333,False,790277117346975746
0,,,,3754,False,790227638568808452
9647,,,,2431,False,789986466051088384
0,,,,4327,False,789960241177853952
10835,,,,4328,False,789903600034189313
7845,,,,1867,False,789628658055020548
7061,,,,2019,False,789599242079838210
12274,,,,3538,False,789530877013393408
9001,,,,2401,False,789314372632018944
0,,,,5183,False,789280767834746880
9510,,,,2721,False,789268448748703744
10134,,,,2941,False,789137962068021249
28588,,,,13047,False,788908386943430656
28600,,,,10830,False,788765914992902144
0,,,,7562,False,788552643979468800
16238,,,,5521,False,788412144018661376
7544,,,,2197,False,788178268662984705
6397,,,,1357,False,788150585577050112
0,,,,3597,False,788070120937619456
6413,,,,1384,False,788039637453406209
9050,,,,3213,False,787810552592695296
10674,,,,2915,False,787717603741622272
11322,,,,2978,False,787397959788929025
8121,,,,1826,False,787322443945877504
0,,,,7057,False,787111942498508800
27724,,,,8348,False,786963064373534720
0,,,,2523,False,786729988674449408
18991,,,,6406,False,786709082849828864
11085,,,,2672,False,786664955043049472
9814,,,,3266,False,786595970293370880
11357,,,,3677,False,786363235746385920
8300,,,,2994,False,786286427768250368
15919,,,,4994,False,786233965241827333
1486,7.727430194476073e+17,7.305050141505823e+17,,160,False,786051337297522688
0,,,,7386,False,786036967502913536
11864,,,,3324,False,785927819176054784
6970,,,,1917,False,785872687017132033
8154,,,,2329,False,785639753186217984
9485,,,,2089,False,785533386513321988
6364,,,,1324,False,785515384317313025
7554,,,,1708,False,785264754247995392
12560,,,,5075,False,785170936622350336
10543,,,,3381,False,784826020293709826
9337,,,,2657,False,784517518371221505
5943,,,,1345,False,784431430411685888
20945,,,,8441,False,784183165795655680
31041,,,,11648,False,784057939640352768
31248,,,,11273,False,783839966405230592
7663,,,,2049,False,783821107061198850
10876,,,,3359,False,783695101801398276
8793,,,,2344,False,783466772167098368
17563,,,,5754,False,783391753726550016
0,,,,5836,False,783347506784731136
30342,,,,12225,False,783334639985389568
8485,,,,2319,False,783085703974514689
25096,,,,7700,False,782969140009107456
7780,,,,1464,False,782747134529531904
17957,,,,5638,False,782722598790725632
8099,,,,1967,False,782598640137187329
17322,,,,5828,False,782305867769217024
0,,,,6484,False,782021823840026624
11567,,,,3516,False,781955203444699136
10871,,,,2835,False,781661882474196992
4161,,,,1173,False,781655249211752448
21577,,,,5808,False,781524693396357120
7422,,,,2660,False,781308096455073793
8765,,,,2176,False,781251288990355457
10177,,,,2856,False,781163403222056960
22466,,,,7661,False,780931614150983680
7475,,,,2092,False,780858289093574656
5709,,,,1364,False,780800785462489090
12597,,,,3485,False,780601303617732608
6550,,,,1810,False,780543529827336192
0,,,,3861,False,780496263422808064
0,,,,119,False,780476555013349377
5494,,,,1121,False,780459368902959104
9046,,,,2336,False,780192070812196864
0,,,,2406,False,780092040432480260
12696,,,,5185,False,780074436359819264
19676,,,,7386,False,779834332596887552
9155,,,,3234,False,779377524342161408
0,,,,19165,False,779124354206535695
15349,,,,4718,False,779056095788752897
20786,,,,7538,False,778990705243029504
0,,,,10364,False,778774459159379968
898,,,,381,False,778764940568104960
7164,,,,1371,False,778748913645780993
5991,,,,1571,False,778650543019483137
4812,,,,1055,False,778624900596654080
14172,,,,4524,False,778408200802557953
0,,,,12752,False,778396591732486144
6069,,,,1145,False,778383385161035776
10798,,,,3434,False,778286810187399168
8809,,,,2747,False,778039087836069888
6796,,,,1686,False,778027034220126208
0,,,,3687,False,777953400541634568
6608,,,,1698,False,777885040357281792
11644,,,,3059,False,777684233540206592
0,,,,4412,False,777641927919427584
9098,,,,2597,False,777621514455814149
14832,,,,4478,False,777189768882946048
0,,,,14275,False,776819012571455488
5071,,,,1263,False,776813020089548800
9178,,,,2888,False,776477788987613185
0,,,,9521,False,776249906839351296
31072,,,,16557,False,776218204058357768
9964,,,,2620,False,776201521193218049
12177,,,,4538,False,776113305656188928
1907,,,,158,False,776088319444877312
0,,,,17217,False,775898661951791106
12158,,,,2777,False,775842724423557120
14351,,,,4147,False,775733305207554048
13413,,,,4774,False,775729183532220416
7681,,,,3100,False,775364825476165632
10538,,,,4064,False,775350846108426240
16120,,,,4924,False,775085132600442880
8883,,,,1853,False,774757898236878852
6967,,,,1792,False,774639387460112384
22555,,,,5758,False,774314403806253056
11114,,,,4034,False,773985732834758656
6628,,,,1816,False,773922284943896577
6849,,,,1692,False,773704687002451968
5526,,,,1353,False,773670353721753600
22893,,,,6405,False,773547596996571136
0,,,,5295,False,773336787167145985
24097,,,,7764,False,773308824254029826
9762,,,,3371,False,773247561583001600
10352,,,,4297,False,773191612633579521
8870,,,,4025,False,772877495989305348
8320,,,,2441,False,772826264096874500
0,,,,3507,False,772615324260794368
6723,,,,1754,False,772581559778025472
6252,,,,1443,False,772193107915964416
3931,,,,1166,False,772152991789019136
3903,,,,766,False,772117678702071809
2806,,,,485,False,772114945936949249
4142,,,,967,False,772102971039580160
6804,,,,1975,False,771908950375665664
12418,,,,3532,False,771770456517009408
8546,,,,2704,False,771500966810099713
10861,,,,5295,False,771380798096281600
0,,,,7810,False,771171053431250945
9467,,,,3033,False,771136648247640064
6458,,,,1486,False,771102124360998913
7121,,,,1712,False,771014301343748096
0,,,,224,False,771004394259247104
5104,,,,1251,False,770787852854652928
5365,,,,1469,False,770772759874076672
7563,,,,1820,False,770655142660169732
6525,,,,2169,False,770414278348247044
6457,,,,1536,False,770293558247038976
0,,,,3165,False,770093767776997377
7832,,,,2379,False,770069151037685760
32456,,,,9940,False,769940425801170949
6612,,,,1720,False,769695466921623552
0,,,,8007,False,769335591808995329
5588,,,,1776,False,769212283578875904
14899,,,,6759,False,768970937022709760
0,,,,2787,False,768909767477751808
4344,,,,922,False,768855141948723200
4255,,,,1245,False,768609597686943744
5212,,,,1330,False,768596291618299904
0,,,,6043,False,768554158521745409
14095,,,,3556,False,768473857036525572
11264,,,,3687,False,768193404517830656
4927,,,,1442,False,767884188863397888
16565,,,,5581,False,767754930266464257
7731,,,,2424,False,767500508068192258
12690,,,,3918,False,767191397493538821
10485,,,,2959,False,767122157629476866
0,,,,5853,False,766864461642756096
5249,,,,1401,False,766793450729734144
2688,7.667118193648886e+17,4196983835.0,,392,False,766714921925144576
4153,,,,822,False,766693177336135680
6210,,,,1652,False,766423258543644672
7013,,,,1951,False,766313316352462849
0,,,,2716,False,766078092750233600
4386,,,,886,False,766069199026450432
3875,,,,516,False,766008592277377025
7486,,,,2219,False,765719909049503744
5358,,,,1262,False,765669560888528897
27376,,,,3502,False,765395769549590528
7309,,,,2237,False,765371061932261376
12006,,,,3507,False,765222098633691136
6654,,,,1834,False,764857477905154048
6223,,,,1560,False,764259802650378240
773,7.638651745539645e+17,15846407.0,,57,False,763956972077010945
12994,,,,4303,False,763837565564780549
5554,,,"Place(_api=<tweepy.api.API object at 0x7fc2d2758f60>, id='7356b662670b2c31', url='https://api.twitter.com/1.1/geo/id/7356b662670b2c31.json', place_type='city', name='Clifton', full_name='Clifton, NJ', country_code='US', country='United States', contained_within=[], bounding_box=BoundingBox(_api=<tweepy.api.API object at 0x7fc2d2758f60>, type='Polygon', coordinates=[[[-74.1977277, 40.82028], [-74.118533, 40.82028], [-74.118533, 40.899384], [-74.1977277, 40.899384]]]), attributes={})",1532,False,763183847194451968
0,,,,3133,False,763167063695355904
7583,,,,2360,False,763103485927849985
12543,,,,3754,False,762699858130116608
11607,,,,6681,False,762471784394268675
10638,,,,4327,False,762464539388485633
4960,,,,1158,False,762316489655476224
32945,,,,16122,False,762035686371364864
5562,,,,2075,False,761976711479193600
0,,,,4064,False,761750502866649088
4396,,,,884,False,761745352076779520
51052,,,,30101,False,761672994376806400
4253,,,,1222,False,761599872357261312
0,,,,18690,False,761371037149827077
5358,,,,1502,False,761334018830917632
4607,,,,1124,False,761292947749015552
5472,,,,1616,False,761227390836215808
11685,,,,3597,False,761004547850530816
3925,,,,1009,False,760893934457552897
6813,,,,1976,False,760656994973933572
5117,,,,1332,False,760641137271070720
7813,,,,3750,False,760539183865880579
4361,,,,1443,False,760521673607086080
27633,,,,11895,False,760290219849637889
4064,,,,899,False,760252756032651264
5867,,,,1867,False,760190180481531904
0,,,,31,False,760153949710192640
6118,,,,2151,False,759943073749200896
15120,,,,5853,False,759923798737051648
6917,,,,2036,False,759846353224826880
6145,,,,1960,False,759793422261743616
0,,,,21788,False,759566828574212096
4849,,,,1220,False,759557299618865152
8760,,,,2523,False,759447681597108224
1722,,,,501,False,759446261539934208
6246,,,,2013,False,759197388317847553
0,,,,1205,False,759159934323924993
14945,,,,4307,False,759099523532779520
6686,,,,2098,False,759047813560868866
3656,,,,924,False,758854675097526272
11522,,,,3971,False,758828659922702336
5896,,,,1659,False,758740312047005698
3928,,,,1030,False,758474966123810816
4949,,,,2295,False,758467244762497024
5351,,,,1976,False,758405701903519748
3518,,,,1113,False,758355060040593408
19705,,,,10364,False,758099635764359168
2786,,,,385,False,758041019896193024
7081,,,,3364,False,757741869644341248
0,,,,8277,False,757729163776290825
4667,,,,1251,False,757725642876129280
4697,,,,1143,False,757611664640446465
0,,,,306,False,757597904299253760
4462,,,,1083,False,757596066325864448
15583,,,,7062,False,757400162377592832
5994,,,,1793,False,757393109802180609
4660,,,,1473,False,757354760399941633
6467,,,,2046,False,756998049151549440
6836,,,,2071,False,756939218950160384
5211,,,,1350,False,756651752796094464
10710,,,,3709,False,756526248105566208
4059,,,,1126,False,756303284449767430
44048,,,,17994,False,756288534030475264
6608,,,,1579,False,756275833623502848
7541,,,,2967,False,755955933503782912
16921,,,,5508,False,755206590534418437
21835,,,,11436,False,755110668769038337
0,,,,8182,False,754874841593970688
7079,,,,2605,False,754856583969079297
2653,,,,540,False,754747087846248448
5460,,,,2012,False,754482103782404096
3861,,,,750,False,754449512966619136
8079,,,,2427,False,754120377874386944
5997,,,,2228,False,753655901052166144
8143,,,,3672,False,753420520834629632
5933,,,,1973,False,753398408988139520
7862,,,,2406,False,753375668877008896
0,,,,5894,False,753298634498793472
3473,,,,1072,False,753294487569522689
38143,,,,21587,False,753039830821511168
4022,,,,1003,False,753026973505581056
12989,,,,7057,False,752932432744185856
7087,,,,1629,False,752917284578922496
0,,,,2961,False,752701944171524096
6152,,,,1645,False,752682090207055872
4516,,,,1608,False,752660715232722944
5677,,,,2355,False,752568224206688256
7560,,,,3540,False,752519690950500352
3920,,,,1139,False,752334515931054080
0,,,,16861,False,752309394570878976
6102,,,,1886,False,752173152931807232
3150,,,,951,False,751950017322246144
5336,,,,1376,False,751937170840121344
5953,,,,2007,False,751830394383790080
6014,,,,2981,False,751793661361422336
8128,,,,3123,False,751598357617971201
4520,,,,1140,False,751583847268179968
5177,,,,1301,False,751538714308972544
3294,,,,1028,False,751456908746354688
12840,,,,6056,False,751251247299190784
6492,,,,1880,False,751205363882532864
5197,,,,1334,False,751132876104687617
4910,,,,1420,False,750868782890057730
13535,,,,5183,False,750719632563142656
4558,,,,1176,False,750506206503038976
13517,,,,4412,False,750429297815552001
4678,,,,1183,False,750383411068534784
723,7.501804988324045e+17,4717297476.0,,29,False,750381685133418496
3192,,,,987,False,750147208377409536
3723,,,,1331,False,750132105863102464
4446,,,,1350,False,750117059602808832
3126,,,,865,False,750101899009982464
2225,,,,554,False,750086836815486976
8070,,,,3430,False,750071704093859840
3237,,,,921,False,750056684286914561
3260,,,,637,False,750041628174217216
2782,,,,808,False,750026558547456000
3319,,,,933,False,750011400160841729
3146,,,,842,False,749996283729883136
5247,,,,2521,False,749981277374128128
4775,,,,1357,False,749774190421639168
6252,,,,1691,False,749417653287129088
2693,,,,550,False,749403093750648834
8822,,,,3543,False,749395845976588288
5626,,,,2285,False,749317047558017024
5894,,,,2127,False,749075273010798592
4919,,,,1560,False,749064354620928000
3188,,,,810,False,749036806121881602
11019,,,,3494,False,748977405889503236
5978,,,,2326,False,748932637671223296
2839,,,,972,False,748705597323898880
4864,,,,1640,False,748699167502000129
4344,,,,1360,False,748692773788876800
6222,,,,2030,False,748575535303884801
2246,,,,682,False,748568946752774144
5346,,,,1261,False,748346686624440324
7860,,,,4213,False,748337862848962560
3776,,,,780,False,748324050481647620
3759,,,,726,False,748307329658011649
14503,,,,8012,False,748220828303695873
5907,,,,2202,False,747963614829678593
6780,,,,2611,False,747933425676525569
3024,,,,1004,False,747885874273214464
2881,,,,767,False,747844099428986880
4971,,,,1192,False,747816857231626240
1416,7.476486538174136e+17,4196983835.0,,159,False,747651430853525504
13224,,,,5995,False,747648653817413632
2377,,,,565,False,747600769478692864
3778,,,,1076,False,747594051852075008
5673,,,,1641,False,747512671126323200
3965,,,,1063,False,747461612269887489
5561,,,,1964,False,747439450712596480
0,,,,2957,False,747242308580548608
5407,,,,1617,False,747219827526344708
3461,,,,940,False,747204161125646336
9806,,,,4071,False,747103485104099331
2963,7.468859193875743e+17,4196983835.0,,307,False,746906459439529985
6121,,,,2179,False,746872823977771008
5426,6.914168664520827e+17,4196983835.0,,1776,False,746818907684614144
4986,,,,1633,False,746790600704425984
9792,,,,3997,False,746757706116112384
6196,,,,1840,False,746726898085036033
5160,,,,1917,False,746542875601690625
0,,,,1007,False,746521445350707200
4759,,,,1104,False,746507379341139972
6322,,,,1672,False,746369468511756288
7075,,,,2263,False,746131877086527488
3629,,,,827,False,746056683365994496
4112,,,,1094,False,745789745784041472
7158,,,,2384,False,745712589599014916
7243,,,,2599,False,745433870967832576
8792,,,,2494,False,745422732645535745
7337,,,,2828,False,745314880350101504
8013,,,,3600,False,745074613265149952
7404,,,,2326,False,745057283344719872
3032,,,,636,False,744995568523612160
8065,,,,2751,False,744971049620602880
5739,,,,1606,False,744709971296780288
6936,,,,2177,False,744334592493166593
159983,,,,79933,False,744234799360020481
1714,,,,376,False,744223424764059648
4259,,,,1120,False,743980027717509120
3722,,,,980,False,743895849529389061
0,,,,2137,False,743835915802583040
4580,,,,1408,False,743609206067040256
18836,,,,6708,False,743595368194129920
3613,,,,964,False,743545585370791937
8080,,,,3796,False,743510151680958465
4321,,,,1253,False,743253157753532416
6337,,,,1941,False,743222593470234624
3930,,,,1401,False,743210557239623680
7210,,,,3643,False,742534281772302336
4522,,,,2025,False,742528092657332225
7419,,,,3974,False,742465774154047488
10024,,,,3861,False,742423170473463808
6946,,,,2019,False,742385895052087300
4441,,,,1411,False,742161199639494656
5255,,,,1577,False,742150209887731712
4647,,,,1540,False,741793263812808706
8342,,,,2831,False,741743634094141440
3749,,,,852,False,741438259667034112
8968,,,,3293,False,741303864243200000
10222,,,,5633,False,741099773336379392
9683,,,,3165,False,741067306818797568
6510,,,,2805,False,740995100998766593
3482,,,,960,False,740711788199743490
2904,,,,800,False,740699697422163968
18532,,,,6959,False,740676976021798912
35677,,,,13589,False,740373189193256964
2513,,,,440,False,740365076218183684
3362,,,,877,False,740359016048689152
6826,,,,2008,False,740214038584557568
20374,,,,6043,False,739979191639244800
4127,,,,1102,False,739932936087216128
3887,,,,874,False,739844404073074688
3859,,,,1381,False,739623569819336705
5476,,,,1687,False,739606147276148736
40378,,,,21788,False,739544079319588864
7307,,,,2995,False,739485634323156992
118160,,,,59256,False,739238157791694849
112,7.384119198962852e+17,358972768.0,,6,False,738891149612572673
3843,,,,1164,False,738885046782832640
3377,,,,811,False,738883359779196928
5192,,,,1583,False,738537504001953792
3305,,,,858,False,738402415918125056
4404,,,,1238,False,738184450748633089
8954,,,,3449,False,738166403467907072
2559,,,,660,False,738156290900254721
5369,,,,1802,False,737826014890496000
10181,,,,3541,False,737800304142471168
5137,,,,1357,False,737678689543020544
10468,,,,4551,False,737445876994609152
3671,,,,826,False,737322739594330112
14965,,,,7554,False,737310737551491075
4373,,,,1767,False,736736130620620800
18048,,,,7562,False,736392552031657984
4057,,,,1272,False,736365877722001409
8267,,,,2835,False,736225175608430592
8040,,,,3057,False,736010884653420544
3664,,,,1176,False,735991953473572864
4095,,,,1127,False,735648611367784448
6292,,,,2390,False,735635087207878657
13241,,,,5150,False,735274964362878976
3400,,,,899,False,735256018284875776
3186,,,,989,False,735137028879360001
2794,,,,532,False,734912297295085568
12789,,,,6404,False,734787690684657664
2554,,,,555,False,734776360183431168
1512,,,,404,False,734559631394082816
3637,,,,800,False,733828123016450049
3736,,,,1035,False,733822306246479872
3203,,,,964,False,733482008106668032
4283,,,,1309,False,733460102733135873
51120,,,,17217,False,733109485275860992
2486,,,,547,False,732732193018155009
3607,,,,905,False,732726085725589504
3739,,,,788,False,732585889486888962
8227,,,,2564,False,732375214819057664
15179,,,,5518,False,732005617171337216
3551,,,,1003,False,731285275100512256
3905,,,,1295,False,731156023742988288
6257,,,,2017,False,730924654643314689
5008,,,,2170,False,730573383004487680
3547,,,,1064,False,730427201120833536
3899,,,,1070,False,730211855403241472
4948,,,,1948,False,730196704625098752
4118,,,,1152,False,729854734790754305
1747,7.291135312709919e+17,4196983835.0,,390,False,729838605770891264
4052,,,,1269,False,729823566028484608
5895,,,,2361,False,729463711119904772
1913,,,,329,False,729113531270991872
3205,,,,832,False,728986383096946689
4758,,,,1740,False,728760639972315136
2826,,,,688,False,728751179681943552
3368,,,,1054,False,728653952833728512
5006,,,,2044,False,728409960103686147
3742,,,,978,False,728387165835677696
4394,,,,1209,False,728046963732717569
4642,,,,1691,False,728035342121635841
4178,,,,1126,False,728015554473250816
3005,,,,648,False,727685679342333952
5988,,,,1775,False,727644517743104000
4544,,,,1247,False,727524757080539137
3393,,,,760,False,727314416056803329
3100,,,,825,False,727286334147182592
3963,,,,1410,False,727175381690781696
3692,,,,1355,False,727155742655025152
7015,,,,2502,False,726935089318363137
3899,,,,1546,False,726887082820554753
3624,,,,1020,False,726828223124897792
4487,,,,1166,False,726224900189511680
7169,,,,2716,False,725842289046749185
4233,,,,1388,False,725786712245440512
5284,,,,1825,False,725729321944506368
1435,,,,628,False,725458796924002305
3780,,,,1336,False,724983749226668032
2403,,,,650,False,724771698126512129
5367,,,,1673,False,724405726123311104
4397,,,,1807,False,724049859469295616
2701,,,,572,False,724046343203856385
4249,,,,1591,False,724004602748780546
3972,,,,1258,False,723912936180330496
7801,,,,3003,False,723688335806480385
3064,,,,907,False,723673163800948736
5370,,,,1887,False,723179728551723008
4166,,,,1583,False,722974582966214656
5050,,,,1657,False,722613351520608256
4714,,,,1895,False,721503162398597120
2573,,,,624,False,721001180231503872
3165,,,,779,False,720785406564900865
2525,,,,678,False,720775346191278080
4202,,,,1524,False,720415127506415616
6494,,,,2553,False,720389942216527872
2919,,,,990,False,720340705894408192
3938,,,,1138,False,720059472081784833
4989,,,,2041,False,720043174954147842
4914,,,,1772,False,719991154352222208
4627,,,,1464,False,719704490224398336
5146,,,,1950,False,719551379208073216
2843,,,,755,False,719367763014393856
4490,,,,1262,False,719339463458033665
3479,,,,970,False,719332531645071360
3543,,,,1094,False,718971898235854848
5329,,,,1792,False,718939241951195136
19150,,,,8185,False,718631497683582976
2473,,,,490,False,718613305783398402
2517,,,,1029,False,718540630683709445
2753,,,,532,False,718460005985447936
4940,,,,1525,False,718454725339934721
1964,,,,509,False,718246886998687744
3944,,,,1017,False,718234618122661888
2501,,,,610,False,717841801130979328
2928,,,,1134,False,717790033953034240
5861,,,,1877,False,717537687239008257
1636,,,,454,False,717428917016076293
3202,,,,858,False,717421804990701568
6392,,,,1963,False,717047459982213120
3305,,,,988,False,717009362452090881
4366,,,,1193,False,716802964044845056
7444,,,,1557,False,716791146589110272
1258,,,,435,False,716730379797970944
13292,,,,5983,False,716447146686459905
2414,,,,214,False,716439118184652801
2815,,,,1085,False,716285507865542656
6853,,,,1941,False,716080869887381504
3253,,,,892,False,715928423106027520
3791,,,,1455,False,715758151270801409
4744,,,,1713,False,715733265223708672
2852,,,,571,False,715704790270025728
3974,,,,1311,False,715696743237730304
4396,,,,1645,False,715680795826982913
5561,,,,1598,False,715360349751484417
3086,,,,702,False,715342466308784130
2459,,,,662,False,715220193576927233
5223,,,,1917,False,715200624753819648
4235,,,,1256,False,715009755312439296
3808,,,,1052,False,714982300363173890
7480,,,,4348,False,714962719905021952
4199,,,,1430,False,714957620017307648
3329,,,,1015,False,714631576617938945
3693,,,,942,False,714606013974974464
2734,,,,1157,False,714485234495041536
3075,,,,730,False,714258258790387713
3326,,,,844,False,714251586676113411
2312,,,,892,False,714214115368108032
4383,,,,1422,False,714141408463036416
3351,,,,796,False,713919462244790272
1949,,,,545,False,713909862279876608
2883,,,,752,False,713900603437621249
4964,,,,1401,False,713761197720473600
4505,,,,1319,False,713411074226274305
7343,,,,2885,False,713177543487135744
4541,,,,1487,False,713175907180089344
18855,,,,6830,False,712809025985978368
12553,,,,5079,False,712717840512598017
4243,,,,1232,False,712668654853337088
5421,,,,1588,False,712438159032893441
247,,,,25,False,712309440758808576
3846,,,,1057,False,712097430750289920
2989,,,,904,False,712092745624633345
3317,,,,495,False,712085617388212225
2305,,,,640,False,712065007010385924
0,,,,129,False,711998809858043904
8205,,,,2355,False,711968124745228288
2902,,,,1001,False,711743778164514816
9013,,,,4190,False,711732680602345472
33427,,,,18690,False,711694788429553666
3924,,,,930,False,711652651650457602
3727,,,,1158,False,711363825979756544
3376,,,,747,False,711306686208872448
3046,,,,621,False,711008018775851008
4642,,,,1403,False,710997087345876993
2592,,,,705,False,710844581445812225
2734,,,,545,False,710833117892898816
2359,,,,571,False,710658690886586372
4871,,,,2417,False,710609963652087808
4631,,,,1901,False,710588934686908417
2415,,,,750,False,710296729921429505
2184,,,,525,False,710283270106132480
4615,,,,1270,False,710272297844797440
2433,,,,1144,False,710269109699739648
2957,,,,908,False,710153181850935296
2814,,,,897,False,710140971284037632
5597,,,,2023,False,710117014656950272
3049,,,,1084,False,709918798883774466
680,,,,101,False,709901256215666688
3579,,,,1220,False,709852847387627521
3607,,,,1222,False,709566166965075968
3355,,,,1090,False,709556954897764353
1516,,,,240,False,709519240576036864
2272,,,,586,False,709449600415961088
2664,,,,696,False,709409458133323776
2453,,,,582,False,709225125749587968
12804,,,,5920,False,709207347839836162
2470,,,,655,False,709198395643068416
2040,,,,678,False,709179584944730112
2077,,,,423,False,709158332880297985
4834,,,,1667,False,709042156699303936
1821,,,,663,False,708853462201716736
3050,,,,912,False,708845821941387268
1713,,,,508,False,708834316713893888
16764,,,,7049,False,708810915978854401
2797,,,,835,False,708738143638450176
2587,,,,735,False,708711088997666817
2600,,,,687,False,708479650088034305
3154,,,,831,False,708469915515297792
16291,,,,10272,False,708400866336894977
3654,,,,1341,False,708356463048204288
2393,,,,750,False,708349470027751425
4353,,,,1577,False,708149363256774660
3450,,,,861,False,708130923141795840
2737,,,,998,False,708119489313951744
1978,,,,556,False,708109389455101952
4447,,,,1956,False,708026248782585858
3188,,,,1143,False,707995814724026368
51,7.079800658926674e+17,2319108198.0,,2,False,707983188426153984
2756,,,,982,False,707969809498152960
3339,,,,969,False,707776935007539200
2533,,,,626,False,707741517457260545
4165,,,,2518,False,707738799544082433
3486,,,,1018,False,707693576495472641
2618,,,,893,False,707629649552134146
17276,,,,6484,False,707610948723478529
2314,,,,708,False,707420581654872064
2333,,,,607,False,707411934438625280
3562,,,,1311,False,707387676719185920
3334,,,,1102,False,707377100785885184
2522,,,,656,False,707315916783140866
2830,,,,798,False,707297311098011648
2638,,,,687,False,707059547140169728
2230,,,,802,False,707038192327901184
4163,,,,1396,False,707021089608753152
2343,,,,602,False,707014260413456384
14846,,,,8007,False,706904523814649856
2100,,,,607,False,706901761596989440
3383,,,,991,False,706681918348251136
2621,,,,1118,False,706644897839910912
2197,,,,645,False,706593038911545345
3527,,,,1452,False,706538006853918722
3156,,,,1048,False,706516534877929472
3512,,,,945,False,706346369204748288
21760,,,,8105,False,706310011488698368
1730,,,,481,False,706291001778950144
2779,,,,947,False,706265994973601792
3973,,,,2259,False,706169069255446529
5253,,,,1635,False,706166467411222528
1513,,,,387,False,706153300320784384
3167,,,,742,False,705975130514706432
3209,,,,909,False,705970349788291072
2409,,,,565,False,705898680587526145
1977,7.03255935813288e+17,4196983835.0,,528,False,705786532653883392
3231,,,,1173,False,705591895322394625
3007,,,,935,False,705475953783398401
4514,,,,1658,False,705442520700944385
3876,,,,1719,False,705428427625635840
3055,,,,764,False,705239209544720384
2623,,,,808,False,705223444686888960
2187,,,,522,False,705102439679201280
2215,,,,628,False,705066031337840642
4344,6.671521640794235e+17,4196983835.0,,1133,False,704871453724954624
2284,,,,552,False,704859558691414016
5186,,,,1557,False,704847917308362754
2691,,,,1007,False,704819833553219584
6749,,,,2957,False,704761120771465216
2983,,,,1029,False,704499785726889984
772,7.044857446399099e+17,28785486.0,,81,False,704491224099647488
3453,,,,1088,False,704480331685040129
8164,,,,3628,False,704364645503647744
1611,,,,357,False,704347321748819968
1534,,,,472,False,704134088924532736
1882,,,,576,False,704113298707505153
2984,,,,930,False,704054845121142784
1871,,,,474,False,703774238772166656
3345,,,,1161,False,703769065844768768
2636,,,,692,False,703631701117943808
3928,,,,1555,False,703611486317502464
3858,7.030419496500347e+17,4196983835.0,,1388,False,703425003149250560
2494,,,,707,False,703407252292673536
3581,,,,1160,False,703382836347330562
1948,,,,392,False,703356393781329922
2001,,,,556,False,703268521220972544
7534,,,,3149,False,703079050210877440
26850,,,,12752,False,703041949650034688
2641,,,,737,False,702932127499816960
1634,,,,461,False,702899151802126337
3285,,,,1087,False,702684942141153280
2244,,,,568,False,702671118226825216
12429,,,,3506,False,702598099714314240
2933,,,,976,False,702539513671897089
3246,,,,1575,False,702332542343577600
3333,,,,1058,False,702321140488925184
2514,,,,780,False,702276748847800320
4888,,,,1365,False,702217446468493312
3513,,,,1008,False,701981390485725185
3898,,,,1046,False,701952816642965504
3603,,,,1412,False,701889187134500865
3488,,,,1710,False,701805642395348998
2130,,,,466,False,701601587219795968
2870,,,,943,False,701570477911896070
2707,,,,621,False,701545186879471618
12459,,,,5220,False,701214700881756160
2253,,,,576,False,700890391244103680
2641,,,,628,False,700864154249383937
2494,,,,511,False,700847567345688576
2486,,,,965,False,700796979434098688
23320,,,,9521,False,700747788515020802
2666,,,,809,False,700518061187723268
2329,,,,587,False,700505138482569216
4212,,,,1827,False,700462010979500032
2682,,,,754,False,700167517596164096
2277,,,,684,False,700151421916807169
7671,,,,2787,False,700143752053182464
2702,,,,704,False,700062718104104960
2111,,,,600,False,700029284593901568
3382,,,,1366,False,700002074055016451
3121,,,,971,False,699801817392291840
2277,,,,513,False,699788877217865730
2812,,,,1269,False,699779630832685056
1993,,,,612,False,699775878809702401
10474,,,,4712,False,699691744225525762
6063,,,,2665,False,699446877801091073
2209,,,,524,False,699434518667751424
1397,,,,334,False,699423671849451520
2111,,,,631,False,699413908797464576
1926,,,,450,False,699370870310113280
3224,,,,880,False,699323444782047232
2282,,,,648,False,699088579889332224
2499,,,,672,False,699079609774645248
3047,,,,1216,False,699072405256409088
3839,,,,1842,False,699060279947165696
2658,,,,1218,False,699036661657767936
3433,,,,1001,False,698989035503689728
2750,,,,925,False,698953797952008193
2591,,,,637,False,698907974262222848
2515,,,,693,False,698710712454139905
1476,,,,387,False,698703483621523456
1315,,,,347,False,698635131305795584
2375,,,,636,False,698549713696649216
1906,,,,459,False,698355670425473025
2305,,,,968,False,698342080612007937
4853,,,,2042,False,698262614669991936
17085,,,,6105,False,698195409219559425
2863,,,,759,False,698178924120031232
1549,,,,338,False,697995514407682048
3356,,,,1318,False,697990423684476929
2439,,,,697,False,697943111201378304
3078,,,,1209,False,697881462549430272
1787,,,,549,False,697630435728322560
3223,,,,1031,False,697616773278015490
3083,,,,1284,False,697596423848730625
2074,,,,507,False,697575480820686848
2108,,,,1141,False,697516214579523584
2460,,,,687,False,697482927769255936
3484,,,,1418,False,697463031882764288
4779,,,,1918,False,697270446429966336
3354,,,,1026,False,697259378236399616
3085,,,,1185,False,697255105972801536
2567,,,,683,False,697242256848379904
3234,,,,1039,False,696900204696625153
2384,,,,689,False,696894894812565505
4960,,,,1838,False,696886256886657024
2483,,,,720,False,696877980375769088
1511,,,,368,False,696754882863349760
2110,,,,959,False,696744641916489729
2416,,,,662,False,696713835009417216
3977,,,,1736,False,696518437233913856
1237,6.964887109012603e+17,4196983835.0,,145,False,696490539101908992
2589,,,,1038,False,696488710901260288
3263,,,,1174,False,696405997980676096
1972,,,,668,False,696100768806522880
3069,,,,1187,False,695816827381944320
3227,,,,793,False,695794761660297217
1902,6.75349384339542e+17,4196983835.0,,764,False,695767669421768709
4668,,,,2145,False,695629776980148225
4481,,,,1848,False,695446424020918272
8827,,,,3652,False,695409464418041856
3709,,,,1483,False,695314793360662529
2684,,,,631,False,695095422348574720
2895,,,,1122,False,695074328191332352
1629,,,,601,False,695064344191721472
2713,,,,797,False,695051054296211456
2754,,,,937,False,694925794720792577
2806,,,,951,False,694905863685980160
36495,,,,14693,False,694669722378485760
1531,6.70668383499735e+17,4196983835.0,,292,False,694356675654983680
2077,,,,631,False,694352839993344000
1596,,,,490,False,694342028726001664
2042,,,,514,False,694329668942569472
4252,,,,2073,False,694206574471057408
3008,,,,947,False,694183373896572928
3467,,,,1050,False,694001791655137281
1903,,,,410,False,693993230313091072
1770,,,,376,False,693942351086120961
2743,,,,602,False,693647888581312512
1373,6.936422321512858e+17,4196983835.0,,126,False,693644216740769793
2587,,,,417,False,693642232151285760
2490,,,,808,False,693629975228977152
1565,,,,378,False,693622659251335168
5154,,,,1996,False,693590843962331137
1682,6.935722159383675e+17,1198988510.0,,260,False,693582294167244802
1811,,,,649,False,693486665285931008
3420,,,,1261,False,693280720173801472
2429,,,,829,False,693267061318012928
2268,,,,509,False,693262851218264065
2922,,,,751,False,693231807727280129
8027,,,,3274,False,693155686491000832
1744,,,,630,False,693109034023534592
1901,,,,477,False,693095443459342336
2719,,,,767,False,692919143163629568
2478,,,,892,False,692905862751522816
1803,,,,613,False,692901601640583168
2314,,,,822,False,692894228850999298
2928,,,,896,False,692828166163931137
6956,,,,3715,False,692752401762250755
4441,,,,1572,False,692568918515392513
3238,,,,1389,False,692535307825213440
1872,,,,421,False,692530551048294401
1509,6.924173130233324e+17,4196983835.0,,232,False,692423280028966913
9521,,,,3533,False,692417313023332352
2579,,,,838,False,692187005137076224
2182,,,,801,False,692158366030913536
1676,6.920419346894029e+17,4196983835.0,,402,False,692142790915014657
3466,,,,1293,False,692041934689402880
2930,,,,981,False,692017291282812928
4036,,,,1691,False,691820333922455552
8302,,,,4311,False,691793053716221953
2923,,,,1032,False,691756958957883396
1987,,,,521,False,691675652215414786
2424,,,,576,False,691483041324204033
4117,,,,1165,False,691459709405118465
2702,,,,865,False,691444869282295808
19714,,,,7806,False,691416866452082688
2622,,,,672,False,691321916024623104
3016,,,,896,False,691096613310316544
1749,,,,340,False,691090071332753408
6004,,,,2928,False,690989312272396288
3666,,,,1277,False,690959652130045952
4192,,,,2012,False,690938899477221376
3355,,,,1049,False,690932576555528194
3861,,,,1298,False,690735892932222976
2219,,,,528,False,690728923253055490
2370,,,,824,False,690690673629138944
1333,,,,286,False,690649993829576704
298,6.903412535490028e+17,467036706.0,,17,False,690607260360429569
2003,,,,620,False,690597161306841088
1915,,,,461,False,690400367696297985
3313,,,,867,False,690374419777196032
2707,,,,908,False,690360449368465409
1537,,,,527,False,690348396616552449
1710,,,,424,False,690248561355657216
2846,,,,1049,False,690021994562220032
2552,,,,751,False,690015576308211712
3728,,,,1723,False,690005060500217858
1456,,,,378,False,689999384604450816
1489,,,,462,False,689993469801164801
1393,,,,458,False,689977555533848577
2483,,,,706,False,689905486972461056
3092,,,,1199,False,689877686181715968
2198,,,,759,False,689835978131935233
3272,,,,943,False,689661964914655233
10580,,,,3962,False,689659372465688576
2269,,,,648,False,689623661272240129
11866,,,,5647,False,689599056876867584
2089,,,,468,False,689557536375177216
3476,,,,1464,False,689517482558820352
2301,,,,963,False,689289219123089408
3345,,,,1131,False,689283819090870273
2024,,,,727,False,689280876073582592
1171,,,,246,False,689275259254616065
2613,,,,1107,False,689255633275777024
3133,,,,1016,False,689154315265683456
2048,,,,521,False,689143371370250240
2780,,,,893,False,688916208532455424
2155,,,,785,False,688908934925697024
2144,,,,798,False,688898160958271489
2284,,,,710,False,688894073864884227
1402,,,,379,False,688828561667567616
980,,,,194,False,688804835492233216
2258,,,,672,False,688789766343622656
2660,,,,716,False,688547210804498433
2363,,,,738,False,688519176466644993
9472,,,,4556,False,688385280030670848
2277,,,,849,False,688211956440801280
2171,,,,592,False,688179443353796608
2885,,,,798,False,688116655151435777
1760,,,,367,False,688064179421470721
5581,,,,2571,False,687841446767013888
2788,,,,1145,False,687826841265172480
2538,,,,970,False,687818504314159109
2436,,,,726,False,687807801670897665
1795,,,,678,False,687732144991551489
2475,,,,860,False,687704180304273409
1981,,,,516,False,687664829264453632
1938,,,,587,False,687494652870668288
1630,,,,247,False,687480748861947905
2023,,,,545,False,687476254459715584
2093,,,,551,False,687460506001633280
1936,,,,633,False,687399393394311168
20541,,,,9364,False,687317306314240000
4450,,,,1946,False,687312378585812992
5560,,,,2337,False,687127927494963200
2208,,,,514,False,687124485711986689
5924,,,,2511,False,687109925361856513
2391,,,,1002,False,687102708889812993
2284,,,,615,False,687096057537363968
8806,,,,3262,False,686947101016735744
3593,,,,1411,False,686760001961103360
3551,,,,1486,False,686749460672679938
4225,,,,1223,False,686730991906516992
2878,,,,824,False,686683045143953408
3764,,,,1392,False,686618349602762752
1931,,,,554,False,686606069955735556
1774,,,,698,False,686394059078897668
3325,,,,900,False,686386521809772549
2248,,,,579,False,686377065986265092
2229,,,,687,False,686358356425093120
4077,,,,1693,False,686286779679375361
2247,,,,739,False,686050296934563840
1178,6.860340248008622e+17,4196983835.0,,121,False,686035780142297088
3172,,,,1181,False,686034024800862208
2541,,,,425,False,686007916130873345
1864,,,,650,False,686003207160610816
2146,,,,536,False,685973236358713344
1659,,,,608,False,685943807276412928
7673,,,,2961,False,685906723014619143
2077,6.855479360386662e+17,4196983835.0,,129,False,685681090388975616
2400,,,,586,False,685667379192414208
3317,,,,1491,False,685663452032069632
2994,,,,796,False,685641971164143616
33657,,,,16025,False,685547936038666240
3092,,,,1187,False,685532292383666176
9648,,,,4064,False,685325112850124800
2701,,,,659,False,685321586178670592
3412,,,,1084,False,685315239903100929
2118,,,,453,False,685307451701334016
3164,,,,1222,False,685268753634967552
2385,,,,681,False,685198997565345792
4190,,,,1453,False,685169283572338688
2428,6.849597985851105e+17,4196983835.0,,381,False,684969860808454144
6952,,,,3205,False,684959798585110529
3281,,,,1068,False,684940049151070208
3570,,,,472,False,684926975086034944
3581,,,,1492,False,684914660081053696
1917,,,,541,False,684902183876321280
2142,,,,836,False,684880619965411328
35758,,,,22124,False,684830982659280897
2775,,,,1025,False,684800227459624960
9087,,,,3599,False,684594889858887680
4190,,,,1447,False,684588130326986752
3082,,,,1257,False,684567543613382656
2699,6.844810745593815e+17,4196983835.0,,972,False,684538444857667585
3955,,,,1197,False,684481074559381504
2013,,,,569,False,684460069371654144
8331,,,,3359,False,684241637099323392
1253,6.842228683355054e+17,4196983835.0,,213,False,684225744407494656
3899,,,,1403,False,684222868335505415
2202,,,,1057,False,684200372118904832
1949,,,,522,False,684195085588783105
3562,,,,1203,False,684188786104872960
2056,,,,678,False,684177701129875456
3042,,,,1539,False,684147889187209216
2045,,,,480,False,684122891630342144
4203,,,,1460,False,684097758874210310
3877,,,,1141,False,683857920510050305
1969,,,,352,False,683852578183077888
2662,,,,990,False,683849932751646720
2673,,,,1132,False,683834909291606017
2856,,,,1090,False,683828599284170753
3408,,,,1384,False,683773439333797890
6625,,,,3389,False,683742671509258241
7483,,,,2961,False,683515932363329536
3232,,,,979,False,683498322573824003
2701,,,,1017,False,683481228088049664
2474,,,,690,False,683462770029932544
3974,,,,1634,False,683449695444799489
7789,,,,2446,False,683391852557561860
2991,,,,947,False,683357973142474752
2934,,,,1064,False,683142553609318400
3466,,,,930,False,683111407806746624
2205,,,,673,False,683098815881154561
2024,,,,574,False,683078886620553216
2200,,,,750,False,683030066213818368
37649,,,,16993,False,682962037429899265
1816,6.827884415375606e+17,4196983835.0,,176,False,682808988178739200
2523,,,,1135,False,682788441537560576
1544,,,,447,False,682750546109968385
1335,,,,366,False,682697186228989953
3118,,,,1103,False,682662431982772225
2107,,,,614,False,682638830361513985
3498,,,,1183,False,682429480204398592
7732,,,,1805,False,682406705142087680
2277,,,,691,False,682393905736888321
1694,,,,474,False,682389078323662849
3115,,,,1008,False,682303737705140231
4235,,,,1233,False,682259524040966145
3318,,,,1197,False,682242692827447297
18643,,,,10088,False,682088079302213632
5041,,,,1727,False,682059653698686977
3255,,,,969,False,682047327939461121
6713,,,,2053,False,682032003584274432
3198,,,,1564,False,682003177596559360
2854,,,,1057,False,681981167097122816
2516,,,,837,False,681891461017812993
13028,,,,4158,False,681694085539872773
1802,,,,455,False,681679526984871937
2687,,,,944,False,681654059175129088
1942,,,,481,False,681610798867845120
3623,,,,1332,False,681579835668455424
14592,,,,5894,False,681523177663676416
1668,6.813394486558024e+17,4196983835.0,,286,False,681340665377193984
9485,,,,4169,False,681339448655802368
2680,,,,767,False,681320187870711809
4014,,,,1855,False,681302363064414209
3267,,,,978,False,681297372102656000
3280,,,,1122,False,681281657291280384
1482,,,,280,False,681261549936340994
1513,,,,546,False,681242418453299201
2451,,,,497,False,681231109724700672
3767,,,,1516,False,681193455364796417
2470,,,,672,False,680970795137544192
4653,,,,2043,False,680959110691590145
3256,,,,1073,False,680940246314430465
2113,,,,442,False,680934982542561280
2449,,,,636,False,680913438424612864
1795,,,,373,False,680889648562991104
3528,,,,1351,False,680836378243002368
2193,,,,676,False,680805554198020098
2413,,,,832,False,680801747103793152
2893,,,,1059,False,680798457301471234
2683,,,,720,False,680609293079592961
3686,,,,1372,False,680583894916304897
4308,,,,1954,False,680497766108381184
1753,,,,493,False,680494726643068929
2588,,,,753,False,680473011644985345
1469,,,,509,False,680440374763077632
1485,,,,298,False,680221482581123072
2885,,,,1199,False,680206703334408192
2181,,,,509,False,680191257256136705
3964,,,,1585,False,680176173301628928
2365,,,,750,False,680161097740095489
3680,,,,1778,False,680145970311643136
2325,,,,968,False,680130881361686529
2761,,,,925,False,680115823365742593
3638,,,,1407,False,680100725817409536
13017,,,,9140,False,680085611152338944
2629,,,,897,False,680070545539371008
2004,,,,663,False,679877062409191424
2217,,,,676,False,679872969355714560
2493,,,,635,False,679862121895714818
2906,,,,1252,False,679854723806179328
2406,,,,778,False,679844490799091713
36882,,,,14275,False,679828447187857408
3138,,,,1129,False,679777920601223168
2126,,,,813,False,679736210798047232
2194,,,,844,False,679729593985699840
1678,,,,472,False,679722016581222400
4852,,,,2116,False,679530280114372609
2680,,,,731,False,679527802031484928
3421,,,,1286,False,679511351870550016
3203,,,,1496,False,679503373272485890
2124,,,,651,False,679475951516934144
32204,,,,19165,False,679462823135686656
2406,,,,1226,False,679405845277462528
21708,,,,8182,False,679158373988876288
2811,,,,1047,False,679148763231985668
3007,,,,1175,False,679132435750195208
6055,,,,2609,False,679111216690831360
17256,,,,8277,False,679062614270468097
2271,,,,680,False,679047485189439488
2867,,,,1242,False,679001094530465792
2342,,,,1188,False,678991772295516161
1669,,,,468,False,678969228704284672
2616,,,,916,False,678800283649069056
3491,,,,1182,False,678798276842360832
2839,,,,924,False,678774928607469569
3589,,,,1381,False,678767140346941444
1658,,,,481,False,678764513869611008
7225,,,,3335,False,678755239630127104
3796,,,,1702,False,678740035362037760
5666,,,,2460,False,678708137298427904
2899,,,,1491,False,678675843183484930
2073,,,,420,False,678643457146150913
4051,,,,1575,False,678446151570427904
5555,,,,2584,False,678424312106393600
4276,,,,1841,False,678410210315247616
80217,,,,32220,False,678399652199309312
1615,,,,419,False,678396796259975168
1893,,,,431,False,678389028614488064
2471,,,,923,False,678380236862578688
1748,,,,543,False,678341075375947776
1319,,,,259,False,678334497360859136
11562,,,,6150,False,678278586130948096
1610,,,,369,False,678255464182861824
1948,6.780211157180293e+17,4196983835.0,,388,False,678023323247357953
13863,,,,6410,False,678021115718029313
3455,,,,1703,False,677961670166224897
1365,,,,418,False,677918531514703872
4894,,,,2115,False,677895101218201600
3090,,,,986,False,677716515794329600
3420,,,,1457,False,677700003327029250
1242,,,,323,False,677698403548192770
2505,,,,852,False,677687604918272002
3360,,,,1518,False,677673981332312066
1962,,,,963,False,677662372920729601
1879,,,,807,False,677644091929329666
2151,,,,722,False,677573743309385728
1310,,,,468,False,677565715327688705
2460,,,,1167,False,677557565589463040
6998,,,,3709,False,677547928504967168
1079,,,,233,False,677530072887205888
3057,,,,1802,False,677335745548390400
1357,,,,287,False,677334615166730240
1098,,,,237,False,677331501395156992
3663,,,,1520,False,677328882937298944
1655,,,,533,False,677314812125323265
1245,,,,407,False,677301033169788928
2008,,,,714,False,677269281705472000
3572,,,,1654,False,677228873407442944
2770,,,,929,False,677187300187611136
2798,,,,1082,False,676975532580409345
2246,,,,816,False,676957860086095872
1318,,,,398,False,676949632774234114
2186,,,,868,False,676948236477857792
1738,,,,375,False,676946864479084545
2085,,,,760,False,676942428000112642
12795,,,,4951,False,676936541936185344
2992,,,,1813,False,676916996760600576
2262,,,,725,False,676897532954456065
2107,,,,715,False,676864501615042560
23173,,,,15737,False,676821958043033607
1821,,,,671,False,676819651066732545
1421,,,,426,False,676811746707918848
5033,,,,2037,False,676776431406465024
2914,,,,976,False,676617503762681856
1086,,,,199,False,676613908052996102
1889,,,,441,False,676606785097199616
1166,,,,384,False,676603393314578432
4600,,,,2170,False,676593408224403456
919,6.765883460978524e+17,4196983835.0,,126,False,676590572941893632
2330,,,,793,False,676588346097852417
1206,,,,280,False,676582956622721024
2596,,,,1120,False,676575501977128964
1882,,,,555,False,676533798876651520
1524,,,,534,False,676496375194980353
11666,,,,4693,False,676470639084101634
1727,,,,673,False,676440007570247681
1400,,,,347,False,676430933382295552
2084,,,,552,False,676263575653122048
1225,,,,289,False,676237365392908289
76053,,,,31148,False,676219687039057920
1746,,,,584,False,676215927814406144
2294,,,,1041,False,676191832485810177
1924,,,,661,False,676146341966438401
2167,,,,1165,False,676121918416756736
2825,,,,1166,False,676101918813499392
3028,,,,1432,False,676098748976615425
1319,,,,436,False,676089483918516224
1622,,,,569,False,675898130735476737
2133,,,,863,False,675891555769696257
2385,,,,960,False,675888385639251968
4184,,,,1403,False,675878199931371520
1636,6.75707330206548e+17,4196983835.0,,569,False,675870721063669760
2691,,,,1301,False,675853064436391936
937,6.758456573542154e+17,4196983835.0,,145,False,675849018447167488
2277,,,,879,False,675845657354215424
1517,,,,535,False,675822767435051008
1047,,,,234,False,675820929667219457
10274,,,,3404,False,675798442703122432
1629,,,,470,False,675781562965868544
1165,,,,345,False,675740360753160193
1892,,,,820,False,675710890956750848
1979,6.754971033223864e+17,4196983835.0,,687,False,675707330206547968
641,,,,97,False,675706639471788032
1819,,,,418,False,675534494439489536
1183,,,,383,False,675531475945709568
1039,,,,289,False,675522403582218240
1288,,,,463,False,675517828909424640
17140,,,,5828,False,675501075957489664
3145,,,,1295,False,675497103322386432
1298,,,,599,False,675489971617296384
1839,,,,980,False,675483430902214656
1521,,,,566,False,675432746517426176
1689,,,,516,False,675372240448454658
1045,,,,232,False,675362609739206656
32622,,,,16860,False,675354435921575936
3908,6.749998076819087e+17,4196983835.0,,2258,False,675349384339542016
2764,,,,1288,False,675334060156301312
3598,,,,1599,False,675166823650848770
6265,,,,2585,False,675153376133427200
3714,,,,1680,False,675149409102012420
939,,,,235,False,675147105808306176
1186,,,,306,False,675146535592706048
2129,,,,905,False,675145476954566656
1290,,,,492,False,675135153782571009
1946,,,,784,False,675113801096802304
962,,,,253,False,675111688094527488
2787,,,,1133,False,675109292475830276
1058,,,,325,False,675047298674663426
2706,,,,1183,False,675015141583413248
982,,,,224,False,675006312288268288
1554,,,,468,False,675003128568291329
2241,6.747933991411466e+17,4196983835.0,,1098,False,674999807681908736
857,,,,353,False,674805413498527744
3014,,,,859,False,674800520222154752
2502,6.717299066283418e+17,4196983835.0,,1081,False,674793399141146624
1097,,,,249,False,674790488185167872
815,,,,207,False,674788554665512960
1996,,,,1198,False,674781762103414784
1111,,,,471,False,674774481756377088
1820,,,,787,False,674767892831932416
785,,,,237,False,674764817387900928
1359,6.747522332008202e+17,4196983835.0,,447,False,674754018082705410
1452,,,,464,False,674752233200820224
1392,,,,550,False,674743008475090944
486,6.747399531344036e+17,4196983835.0,,50,False,674742531037511680
1099,,,,384,False,674739953134403584
641,,,,92,False,674737130913071104
1142,,,,466,False,674690135443775488
1594,,,,644,False,674670581682434048
914,,,,253,False,674664755118911488
1433,,,,493,False,674646392044941312
1018,,,,266,False,674644256330530816
1675,,,,578,False,674638615994089473
1495,,,,574,False,674632714662858753
938,6.744688808997888e+17,4196983835.0,,96,False,674606911342424069
6198,,,,2027,False,674468880899788800
1056,,,,353,False,674447403907457024
1107,,,,393,False,674436901579923456
1429,,,,534,False,674422304705744896
678,,,,140,False,674416750885273600
1194,,,,462,False,674410619106390016
1502,,,,569,False,674394782723014656
842,,,,314,False,674372068062928900
557,6.658146967007232e+17,16374678.0,,72,False,674330906434379776
1406,,,,515,False,674318007229923329
11269,,,,6902,False,674307341513269249
14648,,,,5836,False,674291837063053312
1562,,,,730,False,674271431610523648
901,,,,225,False,674269164442398721
1639,,,,846,False,674265582246694913
1296,,,,452,False,674262580978937856
1454,,,,550,False,674255168825880576
752,,,,167,False,674082852460433408
979,,,,287,False,674075285688614912
6325,,,,2188,False,674063288070742018
3301,,,,1288,False,674053186244734976
1437,,,,485,False,674051556661161984
1407,,,,637,False,674045139690631169
718,,,,128,False,674042553264685056
1094,,,,410,False,674038233588723717
842,,,,209,False,674036086168010753
1770,,,,1206,False,674024893172875264
1122,,,,300,False,674019345211760640
1553,,,,632,False,674014384960745472
1190,,,,347,False,674008982932058114
1932,,,,947,False,673956914389192708
1160,,,,368,False,673919437611909120
3172,,,,1619,False,673906403526995968
926,,,,251,False,673887867907739649
3057,6.737158618537206e+17,4196983835.0,,738,False,673716320723169284
3513,,,,2048,False,673715861853720576
1029,,,,297,False,673711475735838725
842,,,,273,False,673709992831262724
1072,,,,284,False,673708611235921920
1091,,,,386,False,673707060090052608
1243,,,,400,False,673705679337693185
1426,,,,560,False,673700254269775872
3764,,,,1926,False,673697980713705472
1718,,,,647,False,673689733134946305
1251,,,,489,False,673688752737402881
1422,,,,433,False,673686845050527744
1361,,,,463,False,673680198160809984
1243,,,,362,False,673662677122719744
712,,,,237,False,673656262056419329
1091,,,,355,False,673636718965334016
1588,,,,719,False,673612854080196609
1177,,,,357,False,673583129559498752
827,,,,269,False,673580926094458881
1374,,,,555,False,673576835670777856
1010,,,,305,False,673363615379013632
1434,,,,663,False,673359818736984064
1477,,,,568,False,673355879178194945
1643,,,,531,False,673352124999274496
739,,,,211,False,673350198937153538
2481,,,,1247,False,673345638550134785
960,,,,269,False,673343217010679808
1258,,,,573,False,673342308415348736
13340,,,,7811,False,673320132811366400
866,,,,254,False,673317986296586240
7441,,,,3133,False,673295268553605120
1053,,,,363,False,673270968295534593
1408,,,,721,False,673240798075449344
2217,,,,832,False,673213039743795200
1670,,,,622,False,673148804208660480
1948,,,,715,False,672997845381865473
940,,,,288,False,672995267319328768
975,,,,292,False,672988786805112832
1244,,,,539,False,672984142909456390
1803,,,,989,False,672980819271634944
1656,,,,898,False,672975131468300288
934,,,,353,False,672970152493887488
1302,,,,539,False,672968025906282496
1402,,,,631,False,672964561327235073
1346,,,,496,False,672902681409806336
895,,,,423,False,672898206762672129
1524,,,,829,False,672884426393653248
1015,,,,359,False,672877615439593473
1300,,,,557,False,672834301050937345
1238,,,,488,False,672828477930868736
962,,,,317,False,672640509974827008
1280,,,,484,False,672622327801233409
1206,,,,572,False,672614745925664768
1100,,,,385,False,672609152938721280
1098,,,,396,False,672604026190569472
1318,,,,603,False,672594978741354496
937,,,,332,False,672591762242805761
712,,,,179,False,672591271085670400
1018,,,,359,False,672538107540070400
628,,,,167,False,672523490734551040
1099,,,,434,False,672488522314567680
1120,,,,590,False,672482722825261057
710,,,,124,False,672481316919734272
1416,,,,692,False,672475084225949696
1338,,,,529,False,672466075045466113
6389,,,,3320,False,672272411274932228
1481,,,,609,False,672267570918129665
1124,,,,332,False,672264251789176834
2780,,,,1522,False,672256522047614977
1413,,,,729,False,672254177670729728
1705,,,,597,False,672248013293752320
674,,,,155,False,672245253877968896
881,,,,318,False,672239279297454080
1805,,,,989,False,672231046314901505
774,,,,209,False,672222792075620352
2232,,,,1136,False,672205392827572224
1003,,,,364,False,672169685991993344
862,,,,353,False,672160042234327040
1722,,,,686,False,672139350159835138
2365,,,,1126,False,672125275208069120
990,,,,366,False,672095186491711488
930,,,,357,False,672082170312290304
1276,,,,510,False,672068090318987265
8397,,,,4097,False,671896809300709376
1315,,,,564,False,671891728106971137
3420,,,,1359,False,671882082306625538
1396,,,,662,False,671879137494245376
1232,,,,546,False,671874878652489728
1102,,,,485,False,671866342182637568
894,,,,434,False,671855973984772097
6982,,,,3436,False,671789708968640512
1181,,,,498,False,671768281401958400
1653,,,,901,False,671763349865160704
1338,,,,755,False,671744970634719232
738,,,,233,False,671743150407421952
1426,,,,743,False,671735591348891648
8391,6.715610021362811e+17,4196983835.0,,4286,False,671729906628341761
12653,,,,7113,False,671561002136281088
901,6.715448741650022e+17,4196983835.0,,206,False,671550332464455680
1332,,,,584,False,671547767500775424
1950,,,,1032,False,671544874165002241
1080,,,,556,False,671542985629241344
919,,,,389,False,671538301157904385
1156,,,,398,False,671536543010570240
1011,,,,568,False,671533943490011136
834,,,,258,False,671528761649688577
1383,,,,522,False,671520732782923777
939,,,,289,False,671518598289059840
1588,,,,700,False,671511350426865664
6910,,,,3505,False,671504605491109889
901,,,,440,False,671497587707535361
999,,,,464,False,671488513339211776
572,,,,195,False,671486386088865792
754,,,,228,False,671485057807351808
1426,,,,733,False,671390180817915904
1089,,,,291,False,671362598324076544
395,,,,147,False,671357843010908160
477,,,,114,False,671355857343524864
945,,,,421,False,671347597085433856
727,,,,207,False,671186162933985280
1105,,,,339,False,671182547775299584
862,,,,347,False,671166507850801152
1642,,,,1081,False,671163268581498880
366,,,,81,False,671159727754231808
702,,,,216,False,671154572044468225
662,,,,152,False,671151324042559489
657,,,,216,False,671147085991960577
1138,,,,647,False,671141549288370177
906,,,,396,False,671138694582165504
737,,,,190,False,671134062904504320
3450,,,,2484,False,671122204919246848
1355,,,,766,False,671115716440031232
1124,,,,433,False,671109016219725825
1092,,,,290,False,670995969505435648
24279,,,,8540,False,670842764863651840
580,,,,193,False,670840546554966016
1090,,,,681,False,670838202509447168
435,,,,120,False,670833812859932673
721,,,,212,False,670832455012716544
5459,,,,3983,False,670826280409919488
762,,,,186,False,670823764196741120
599,,,,93,False,670822709593571328
3134,,,,1515,False,670815497391357952
1111,,,,268,False,670811965569282048
1145,,,,486,False,670807719151067136
1930,,,,940,False,670804601705242624
338,,,,87,False,670803562457407488
729,,,,234,False,670797304698376195
818,,,,272,False,670792680469889025
653,,,,238,False,670789397210615808
596,,,,199,False,670786190031921152
812,,,,382,False,670783437142401025
1541,,,,757,False,670782429121134593
776,,,,286,False,670780561024270336
324,,,,72,False,670778058496974848
1057,,,,414,False,670764103623966721
433,,,,109,False,670755717859713024
946,,,,503,False,670733412878163972
815,,,,353,False,670727704916926465
1186,,,,485,False,670717338665226240
764,,,,367,False,670704688707301377
586,,,,241,False,670691627984359425
741,,,,276,False,670679630144274432
243,,,,41,False,670676092097810432
10548,,,,4935,False,670668383499735048
1487,,,,729,False,670474236058800128
349,,,,85,False,670468609693655041
956,,,,539,False,670465786746662913
540,,,,202,False,670452855871037440
1180,,,,643,False,670449342516494336
6629,,,,1950,False,670444955656130560
633,,,,195,False,670442337873600512
1036,,,,507,False,670435821946826752
1377,,,,634,False,670434127938719744
324,,,,111,False,670433248821026816
1362,,,,612,False,670428280563085312
517,,,,158,False,670427002554466305
1285,,,,621,False,670421925039075328
622,,,,309,False,670420569653809152
562,,,,314,False,670417414769758208
2000,,,,876,False,670411370698022913
552,,,,220,False,670408998013820928
423,,,,152,False,670403879788544000
551,,,,202,False,670385711116361728
740,,,,267,False,670374371102445568
324,,,,65,False,670361874861563904
418,,,,107,False,670338931251150849
3828,,,,1205,False,670319130621435904
426,,,,130,False,670303360680108032
695,,,,280,False,670290420111441920
1011,,,,329,False,670093938074779648
690,,,,246,False,670086499208155136
2199,,,,1209,False,670079681849372674
1558,,,,771,False,670073503555706880
615,,,,233,False,670069087419133954
751,,,,331,False,670061506722140161
661,,,,327,False,670055038660800512
640,,,,170,False,670046952931721218
748,,,,110,False,670040295598354432
583,,,,269,False,670037189829525505
329,,,,92,False,670003130994700288
320,,,,83,False,669993076832759809
442,,,,156,False,669972011175813120
301,,,,59,False,669970042633789440
496,,,,158,False,669942763794931712
367,,,,99,False,669926384437997569
230,,,,54,False,669923323644657664
803,,,,391,False,669753178989142016
262,,,,65,False,669749430875258880
508,6.693543826270495e+17,4196983835.0,,88,False,669684865554620416
384,,,,110,False,669683899023405056
347,,,,131,False,669682095984410625
657,,,,284,False,669680153564442624
795,,,,425,False,669661792646373376
3482,,,,1789,False,669625907762618368
939,,,,357,False,669603084620980224
507,,,,149,False,669597912108789760
1476,,,,914,False,669583744538451968
429,,,,137,False,669573570759163904
1572,,,,998,False,669571471778410496
230,,,,55,False,669567591774625800
378,,,,121,False,669564461267722241
360,,,,75,False,669393256313184256
1317,,,,717,False,669375718304980992
492,,,,177,False,669371483794317312
454,,,,149,False,669367896104181761
613,,,,222,False,669363888236994561
367,,,,121,False,669359674819481600
2664,,,,1259,False,669354382627049472
631,6.678064545737605e+17,4196983835.0,,259,False,669353438988365824
429,,,,180,False,669351434509529089
1006,,,,413,False,669328503091937280
569,,,,114,False,669327207240699904
494,,,,205,False,669324657376567296
1180,,,,401,False,669216679721873412
432,,,,161,False,669214165781868544
993,,,,467,False,669203728096960512
645,,,,307,False,669037058363662336
732,,,,370,False,669015743032369152
568,,,,243,False,669006782128353280
20587,,,,6257,False,669000397445533696
434,,,,225,False,668994913074286592
731,,,,338,False,668992363537309700
670,,,,325,False,668989615043424256
883,,,,461,False,668988183816871936
548,,,,165,False,668986018524233728
530,,,,301,False,668981893510119424
785,,,,342,False,668979806671884288
1283,,,,571,False,668975677807423489
145,6.689207171325829e+17,21435658.0,,22,False,668967877119254528
695,,,,235,False,668960084974809088
275,,,,71,False,668955713004314625
260,,,,58,False,668932921458302977
314,,,,100,False,668902994700836864
392,,,,148,False,668892474547511297
518,,,,297,False,668872652652679168
448,,,,164,False,668852170888998912
428,,,,134,False,668826086256599040
566,,,,263,False,668815180734689280
695,,,,367,False,668779399630725120
521,,,,216,False,668655139528511488
872,,,,519,False,668645506898350081
863,,,,521,False,668643542311546881
1058,,,,532,False,668641109086707712
1027,,,,481,False,668636665813057536
2763,,,,1594,False,668633411083464705
702,,,,309,False,668631377374486528
311,,,,110,False,668627278264475648
381,,,,129,False,668625577880875008
1403,,,,747,False,668623201287675904
196,,,,40,False,668620235289837568
606,,,,313,False,668614819948453888
1654,,,,1053,False,668587383441514497
240,,,,52,False,668567822092664832
503,,,,217,False,668544745690562560
446,,,,211,False,668542336805281792
249,,,,72,False,668537837512433665
451,,,,220,False,668528771708952576
318,,,,101,False,668507509523615744
403,,,,128,False,668496999348633600
417,,,,231,False,668484198282485761
450,,,,144,False,668480044826800133
871,,,,505,False,668466899341221888
612,,,,294,False,668297328638447616
237,,,,29,False,668291999406125056
493,,,,135,False,668286279830867968
809,,,,226,False,668274247790391296
545,,,,232,False,668268907921326080
1281,,,,595,False,668256321989451776
958,,,,472,False,668248472370458624
6087,,,,2787,False,668237644992782336
293,,,,102,False,668226093875376128
503,,,,192,False,668221241640230912
549,,,,190,False,668204964695683073
643,,,,193,False,668190681446379520
478,,,,189,False,668171859951755264
482,,,,302,False,668154635664932864
565,,,,277,False,668142349051129856
657,,,,234,False,668113020489474048
1231,,,,773,False,667937095915278337
293,,,,109,False,667924896115245057
202,,,,55,False,667915453470232577
480,,,,297,False,667911425562669056
834,,,,369,False,667902449697558528
1850,,,,1052,False,667886921285246976
803,,,,469,False,667885044254572545
384,,,,115,False,667878741721415682
616,,,,393,False,667873844930215936
2964,,,,1007,False,667866724293877760
235,,,,75,False,667861340749471744
288,,,,61,False,667832474953625600
1039,,,,481,False,667806454573760512
322,,,,95,False,667801013445750784
687,,,,323,False,667793409583771648
402,,,,241,False,667782464991965184
232,,,,55,False,667773195014021121
433,,,,210,False,667766675769573376
371,,,,146,False,667728196545200128
470,,,,313,False,667724302356258817
0,,,,34,False,667550904950915073
0,,,,32,False,667550882905632768
5670,,,,2215,False,667549055577362432
332,,,,121,False,667546741521195010
847,,,,511,False,667544320556335104
199,,,,64,False,667538891197542400
806,,,,511,False,667534815156183040
457,,,,233,False,667530908589760512
1653,,,,1082,False,667524857454854144
362,,,,188,False,667517642048163840
6653,,,,2069,False,667509364010450944
527,,,,216,False,667502640335572993
506,,,,262,False,667495797102141441
521,,,,221,False,667491009379606528
250,,,,96,False,667470559035432960
186,,,,59,False,667455448082227200
302,,,,88,False,667453023279554560
762,,,,561,False,667443425659232256
441,,,,230,False,667437278097252352
299,,,,83,False,667435689202614272
454,,,,217,False,667405339315146752
190,,,,53,False,667393430834667520
355,,,,159,False,667369227918143488
478,,,,238,False,667211855547486208
602,,,,256,False,667200525029539841
376,,,,98,False,667192066997374976
728,,,,396,False,667188689915760640
14018,,,,5994,False,667182792070062081
185,,,,55,False,667177989038297088
597,,,,449,False,667176164155375616
237,,,,79,False,667174963120574464
216,,,,84,False,667171260800061440
2623,,,,1104,False,667165590075940865
250,,,,61,False,667160273090932737
46603,,,,16478,False,667152164079423490
4502,,,,2137,False,667138269671505920
322,,,,125,False,667119796878725120
327,,,,122,False,667090893657276420
389,,,,117,False,667073648344346624
82,6.670655355705508e+17,4196983835.0,,14,False,667070482143944705
161,,,,44,False,667065535570550784
211,,,,51,False,667062181243039745
180,,,,49,False,667044094246576128
437,,,,214,False,667012601033924608
236,,,,88,False,666996132027977728
2483,,,,949,False,666983947667116034
787,,,,538,False,666837028449972224
206,,,,77,False,666835007768551424
245,,,,92,False,666826780179869698
498,,,,242,False,666817836334096384
227,,,,88,False,666804364988780544
733,,,,471,False,666786068205871104
371,,,,183,False,666781792255496192
336,,,,167,False,666776908487630848
226,,,,64,False,666739327293083650
418,,,,211,False,666701168228331520
183,,,,46,False,666691418707132416
1088,,,,596,False,666649482315059201
224,,,,77,False,666644823164719104
502,,,,204,False,666454714377183233
98,,,,19,False,666447344410484738
118,,,,43,False,666437273139982337
159,,,,51,False,666435652385423360
303,,,,181,False,666430724426358785
157,,,,79,False,666428276349472768
305,,,,108,False,666421158376562688
116,,,,44,False,666418789513326592
422,,,,314,False,666411507551481857
100,,,,35,False,666407126856765440
160,,,,80,False,666396247373291520
176,,,,86,False,666373753744588802
742,,,,533,False,666362758909284353
208,,,,71,False,666353288456101888
280,,,,129,False,666345417576210432
184,,,,86,False,666337882303524864
475,,,,327,False,666293911632134144
140,,,,63,False,666287406224695296
163,,,,74,False,666273097616637952
97,,,,32,False,666268910803644416
13730,,,,6126,False,666104133288665088
73,,,,11,False,666102155909144576
143,,,,63,False,666099513787052032
155,,,,68,False,666094000022159362
105,,,,42,False,666082916733198337
305,,,,149,False,666073100786774016
137,,,,54,False,666071193221509120
454,,,,201,False,666063827256086533
107,,,,55,False,666058600524156928
274,,,,131,False,666057090499244032
415,,,,224,False,666055525042405380
1159,,,,800,False,666051853826850816
126,,,,55,False,666050758794694657
100,,,,41,False,666049248165822465
279,,,,135,False,666044226329800704
118,,,,43,False,666033412701032449
122,,,,45,False,666029285002620928
2475,,,,478,False,666020888022790149
